
DROP TABLE IF EXISTS `answers`;
/*!40101 SET @saved_cs_client     = @@character_set_client */;
/*!50503 SET character_set_client = utf8mb4 */;
CREATE TABLE `answers` (
  `id` int NOT NULL AUTO_INCREMENT,
  `result_id` int NOT NULL,
  `option_id` int NOT NULL,
  PRIMARY KEY (`id`),
  KEY `result_id` (`result_id`),
  KEY `option_id` (`option_id`),
  CONSTRAINT `answers_ibfk_1` FOREIGN KEY (`result_id`) REFERENCES `results` (`id`) ON DELETE CASCADE,
  CONSTRAINT `answers_ibfk_2` FOREIGN KEY (`option_id`) REFERENCES `options` (`id`) ON DELETE CASCADE
) ENGINE=InnoDB DEFAULT CHARSET=utf8mb4;
/*!40101 SET character_set_client = @saved_cs_client */;

--
-- Dumping data for table `answers`
--

LOCK TABLES `answers` WRITE;
/*!40000 ALTER TABLE `answers` DISABLE KEYS */;
/*!40000 ALTER TABLE `answers` ENABLE KEYS */;
UNLOCK TABLES;

--
-- Table structure for table `options`
--

DROP TABLE IF EXISTS `options`;
/*!40101 SET @saved_cs_client     = @@character_set_client */;
/*!50503 SET character_set_client = utf8mb4 */;
CREATE TABLE `options` (
  `id` int NOT NULL AUTO_INCREMENT,
  `question_id` int NOT NULL,
  `option_text` text NOT NULL,
  `is_correct` tinyint(1) NOT NULL DEFAULT '0',
  PRIMARY KEY (`id`),
  KEY `question_id` (`question_id`),
  CONSTRAINT `options_ibfk_1` FOREIGN KEY (`question_id`) REFERENCES `questions` (`id`) ON DELETE CASCADE
) ENGINE=InnoDB AUTO_INCREMENT=163 DEFAULT CHARSET=utf8mb4;
/*!40101 SET character_set_client = @saved_cs_client */;

--
-- Dumping data for table `options`
--

LOCK TABLES `options` WRITE;
/*!40000 ALTER TABLE `options` DISABLE KEYS */;
INSERT INTO `options` VALUES (114,42,'2',0),(115,42,'3',0),(116,42,'4',0),(117,42,'5',1),(118,43,'1',1),(119,44,'2',0),(120,44,'3',1),(121,44,'1',0),(122,44,'2',0),(123,44,'3',0),(124,45,'2',0),(125,45,'3',0),(126,45,'4',0),(127,45,'5',1),(128,46,'1',1),(129,47,'2',0),(130,47,'3',1),(131,47,'1',0),(132,47,'2',0),(133,47,'3',0),(157,57,'fvmfd',1),(158,57,'fvmkzd',0),(159,57,'sdfdkf',0),(160,58,'fd mmvf',0),(161,58,'vndf',0),(162,58,'mfvmfd',1);
/*!40000 ALTER TABLE `options` ENABLE KEYS */;
UNLOCK TABLES;

--
-- Table structure for table `questions`
--

DROP TABLE IF EXISTS `questions`;
/*!40101 SET @saved_cs_client     = @@character_set_client */;
/*!50503 SET character_set_client = utf8mb4 */;
CREATE TABLE `questions` (
  `id` int NOT NULL AUTO_INCREMENT,
  `quiz_id` int NOT NULL,
  `question_text` text NOT NULL,
  `created_at` datetime NOT NULL DEFAULT CURRENT_TIMESTAMP,
  `updated_at` datetime NOT NULL DEFAULT CURRENT_TIMESTAMP ON UPDATE CURRENT_TIMESTAMP,
  PRIMARY KEY (`id`),
  KEY `quiz_id` (`quiz_id`),
  CONSTRAINT `questions_ibfk_1` FOREIGN KEY (`quiz_id`) REFERENCES `quizzes` (`id`) ON DELETE CASCADE
) ENGINE=InnoDB AUTO_INCREMENT=59 DEFAULT CHARSET=utf8mb4;
/*!40101 SET character_set_client = @saved_cs_client */;

--
-- Dumping data for table `questions`
--

LOCK TABLES `questions` WRITE;
/*!40000 ALTER TABLE `questions` DISABLE KEYS */;
INSERT INTO `questions` VALUES (42,21,'2+3=','2025-01-19 19:53:45','2025-01-19 19:53:45'),(43,21,'6/3=','2025-01-19 19:53:45','2025-01-19 19:53:45'),(44,21,'5*2=','2025-01-19 19:53:45','2025-01-19 19:53:45'),(45,22,'2+3=','2025-01-19 19:53:56','2025-01-19 19:53:56'),(46,22,'6/3=','2025-01-19 19:53:56','2025-01-19 19:53:56'),(47,22,'5*2=','2025-01-19 19:53:56','2025-01-19 19:53:56'),(57,24,'fvmfd','2025-02-04 16:19:22','2025-02-04 16:19:22'),(58,24,',fvvf','2025-02-04 16:19:22','2025-02-04 16:19:22');
/*!40000 ALTER TABLE `questions` ENABLE KEYS */;
UNLOCK TABLES;

--
-- Table structure for table `quizzes`
--

DROP TABLE IF EXISTS `quizzes`;
/*!40101 SET @saved_cs_client     = @@character_set_client */;
/*!50503 SET character_set_client = utf8mb4 */;
CREATE TABLE `quizzes` (
  `id` int NOT NULL AUTO_INCREMENT,
  `unique_value` varchar(255) NOT NULL,
  `user_id` int NOT NULL,
  `title` varchar(255) NOT NULL,
  `description` text,
  `time_limit` int DEFAULT NULL,
  `created_at` datetime NOT NULL DEFAULT CURRENT_TIMESTAMP,
  `updated_at` datetime NOT NULL DEFAULT CURRENT_TIMESTAMP ON UPDATE CURRENT_TIMESTAMP,
  PRIMARY KEY (`id`),
  UNIQUE KEY `unique_value` (`unique_value`),
  KEY `user_id` (`user_id`),
  CONSTRAINT `quizzes_ibfk_1` FOREIGN KEY (`user_id`) REFERENCES `users` (`id`) ON DELETE CASCADE
) ENGINE=InnoDB AUTO_INCREMENT=25 DEFAULT CHARSET=utf8mb4;
/*!40101 SET character_set_client = @saved_cs_client */;

--
-- Dumping data for table `quizzes`
--

LOCK TABLES `quizzes` WRITE;
/*!40000 ALTER TABLE `quizzes` DISABLE KEYS */;
INSERT INTO `quizzes` VALUES (21,'unique_5',2,'Matematika','Matematika fanidan test',30,'2025-01-19 19:53:45','2025-01-23 08:04:47'),(22,'unique_6',2,'Matematika','Matematika fanidan test',30,'2025-01-19 19:53:56','2025-01-23 08:04:47'),(24,'67a095013e1e2',1,'cvdfd,fdvb','vdfvmkf',20,'2025-02-03 15:05:53','2025-02-03 15:05:53');
/*!40000 ALTER TABLE `quizzes` ENABLE KEYS */;
UNLOCK TABLES;

--
-- Table structure for table `results`
--

DROP TABLE IF EXISTS `results`;
/*!40101 SET @saved_cs_client     = @@character_set_client */;
/*!50503 SET character_set_client = utf8mb4 */;
CREATE TABLE `results` (
  `id` int NOT NULL AUTO_INCREMENT,
  `user_id` int NOT NULL,
  `quiz_id` int NOT NULL,
  `started_at` datetime NOT NULL,
  `finished_at` datetime NOT NULL,
  PRIMARY KEY (`id`),
  KEY `user_id` (`user_id`),
  KEY `quiz_id` (`quiz_id`),
  CONSTRAINT `results_ibfk_1` FOREIGN KEY (`user_id`) REFERENCES `users` (`id`) ON DELETE CASCADE,
  CONSTRAINT `results_ibfk_2` FOREIGN KEY (`quiz_id`) REFERENCES `quizzes` (`id`) ON DELETE CASCADE
) ENGINE=InnoDB AUTO_INCREMENT=2 DEFAULT CHARSET=utf8mb4;
/*!40101 SET character_set_client = @saved_cs_client */;

--
-- Dumping data for table `results`
--

LOCK TABLES `results` WRITE;
/*!40000 ALTER TABLE `results` DISABLE KEYS */;
INSERT INTO `results` VALUES (1,1,24,'2025-02-03 15:29:36','2025-02-03 15:49:36');
/*!40000 ALTER TABLE `results` ENABLE KEYS */;
UNLOCK TABLES;

--
-- Table structure for table `user_api_tokens`
--

DROP TABLE IF EXISTS `user_api_tokens`;
/*!40101 SET @saved_cs_client     = @@character_set_client */;
/*!50503 SET character_set_client = utf8mb4 */;
CREATE TABLE `user_api_tokens` (
  `id` int NOT NULL AUTO_INCREMENT,
  `token` varchar(255) DEFAULT NULL,
  `user_id` int DEFAULT NULL,
  `expires_at` datetime NOT NULL,
  `created_at` datetime DEFAULT NULL,
  PRIMARY KEY (`id`),
  KEY `user_id` (`user_id`),
  CONSTRAINT `user_api_tokens_ibfk_1` FOREIGN KEY (`user_id`) REFERENCES `users` (`id`)
) ENGINE=InnoDB AUTO_INCREMENT=85 DEFAULT CHARSET=utf8mb4;
/*!40101 SET character_set_client = @saved_cs_client */;

--
-- Dumping data for table `user_api_tokens`
--

LOCK TABLES `user_api_tokens` WRITE;
/*!40000 ALTER TABLE `user_api_tokens` DISABLE KEYS */;
INSERT INTO `user_api_tokens` VALUES (1,'322a3d6e06136e7601bf16974c9f215cb232500f08d9f62fb10e79489b60543dc575ddfbebc6d071',1,'2025-01-19 05:36:10','2025-01-12 10:36:10'),(2,'1c69b85e9fa289688624f30ec97a78c7a400462504a7e6130e6ee8046d39698437634ecafac10a4f',1,'2025-01-19 15:00:57','2025-01-12 20:00:57'),(3,'6e1f3a0a3b9b2d271de8ae0019739a9e6be24e1d2cccb62cb8ac98cf48ce5fc7ebad5853ae59f4e8',1,'2025-01-20 08:29:38','2025-01-13 13:29:38'),(4,'7de8dd16a546b6f583c394e03a03a0e3cb11af0b1d04d22b4a175ee07f2c7c6af0759342569b3ca3',1,'2025-01-20 08:51:29','2025-01-13 13:51:29'),(5,'b6d2d0406de466c65184c55e5045e8f2c3f653c1c89f232a4d090726755246394e54f6b9106f6898',1,'2025-01-20 08:53:33','2025-01-13 13:53:33'),(6,'0abe86165eeaf2c26ade5602e1487d6a917b062df17e17f7b3f1fc4a48733d36bee86c25ea8732b6',1,'2025-01-20 08:58:53','2025-01-13 13:58:53'),(7,'51a8189cdc68c5208b1d719b254c8c02053616a4929b523737be46fd6d3d5915809a7dddcc0ac03f',1,'2025-01-20 08:59:31','2025-01-13 13:59:31'),(8,'8ae089013506002470f9290c01f4fc4716d57ca1d3e5f98f04c3934f404ecea70f8adbbe9d9b4a1b',1,'2025-01-20 09:03:21','2025-01-13 14:03:21'),(9,'20cd61ce739dc4b70a23e2cf7fd7418acebf4c6a26aeb1c20004add402d1324d829495959d7249aa',2,'2025-01-20 09:04:49','2025-01-13 14:04:49'),(10,'86a40135e68b13bb59b3872b36a56e571b68681dd078459d240bf7a16bef8e8cb317aa9dd4e909c3',3,'2025-01-20 09:14:28','2025-01-13 14:14:28'),(11,'c4d8fb8778afe9f053e4dd64bd4c2b48a761502a48920172102140a1fe84caa0f0e11eeb41d7ceb5',1,'2025-01-20 12:09:26','2025-01-13 17:09:26'),(12,'d69030257f505e119a49a2b1052c8464e7fbab0f9f8184061c6c43e3c703572b58e72dd346132f66',4,'2025-01-20 12:09:56','2025-01-13 17:09:56'),(13,'5ab459416ef706f8aabb7ce026ec8cb599847bb315f96b54a0f44faca26da0b74dab7ec4488581e5',1,'2025-01-21 12:53:27','2025-01-14 17:53:27'),(14,'4d9dd6e124a9fccf3f4866584bbe9ae8632a65a281e0b45d88426f8679863b08ac9de768a7523a57',5,'2025-01-21 12:56:00','2025-01-14 17:56:00'),(15,'441174b36513337180e2db67ba7f9a77174d2d98ae804ffeda5202392433c9fa74035950df3ffbc4',1,'2025-01-22 02:47:55','2025-01-15 07:47:55'),(16,'fd285d479c5b82051e02692d0d76c02a2b568a207728b56936f57ba5ab30be6f9682928fa82301f9',1,'2025-01-22 03:15:09','2025-01-15 08:15:09'),(17,'22c679a658c5913e5390a9d44ac973c6555a555c6a91368dc05c4c05aacc0376b04f63a5f1074b48',1,'2025-01-22 03:22:52','2025-01-15 08:22:52'),(18,'0baac34236212861e9f5aa7f394ee91167d35d87f11c115a713648da9204411c9011f642487d2156',1,'2025-01-22 03:27:50','2025-01-15 08:27:50'),(19,'308adb9c8904bd850e276e3bdae089123f29dcc168ed35a28205af5888d8c0a2eb317c4edb779589',1,'2025-01-22 03:31:55','2025-01-15 08:31:55'),(20,'f96a0108db99775d6a7da62eb8eeb49a86337bd8313a744e81162466de6f5e5837ccb12e589375cb',1,'2025-01-22 03:32:49','2025-01-15 08:32:49'),(21,'debd99e82e55f760c21968491ce381e3f50e3ee529873bff43c4ddfa606242cc65c693b140d55981',1,'2025-01-22 04:44:32','2025-01-15 09:44:32'),(22,'179c291d934c8ad9b49cab32a291baca475589f990cd13d01f59dbe9a0e99f706208a874c6d00b02',4,'2025-01-22 04:44:41','2025-01-15 09:44:41'),(23,'f7f3496994045bcfcae5caa0d15f86cd17988828b933c016dcc5eb07a66490e989b7ff5ddf65900e',1,'2025-01-22 04:49:41','2025-01-15 09:49:41'),(24,'83ab6398996a67d65904a8e5576e12f61e9a23e546c00f8156e464d54dd9309d10e86066e3823357',1,'2025-01-22 04:49:47','2025-01-15 09:49:47'),(25,'cf61a0e920df9050b8b38eda0cbd24f7f0f737ffb8d9bbe8c29104749e9e921955ef89b72ba26e3b',1,'2025-01-22 04:52:50','2025-01-15 09:52:50'),(26,'0fa0ec73c019de23d29fdb8e1eeda7db9acb251f777bc0cdc50471881d1b7d0bad50d2a5a8a0297d',1,'2025-01-22 04:59:57','2025-01-15 09:59:57'),(27,'a07e588a56af3cf7f4389d7527e4ce40e37d0f1e4c2e9fd99b66792277dfc376b7df29ce966148bb',1,'2025-01-22 05:05:23','2025-01-15 10:05:23'),(28,'60c350708c8b154da4305675a5db39a84388882238afc03f2ab2c7f3cfbdfc3ac8fe8884664128f0',1,'2025-01-22 05:12:30','2025-01-15 10:12:30'),(29,'c0a88a8fced5f930e4f6c5eb4edc0da4a114a9dc0d3d3bff1b0007ade087060d41876d8c33a45def',1,'2025-01-22 05:22:33','2025-01-15 10:22:33'),(30,'bfbf9c382abf962442624cdf2d2c08e9f388cd3cd82648accbce2698d28da1ec8d27b012f8607dfd',1,'2025-01-22 05:26:28','2025-01-15 10:26:28'),(31,'a95cabfbca743238f00f1e7526b4ba0b235f713f3fea6bc02ccf1088b5dc5cde81da910760348e62',1,'2025-01-22 05:28:05','2025-01-15 10:28:05'),(32,'c108e7c0ce6c7a8a84011732d180aff8b3f613c104f07fcbd948aa358c338700b4c0f3fe3d4b59fb',1,'2025-01-22 05:32:13','2025-01-15 10:32:13'),(33,'e2e2c700308510a85255ca5c22b689182862bba775a47c1e837ec7d1fc3f30774861264920d4b709',4,'2025-01-22 05:32:27','2025-01-15 10:32:27'),(34,'e4c39217a845ee7ee6952d407e30e2fdd81dbc18a7214875ea20e96fd12145c6b072cf977af35108',6,'2025-01-22 05:32:54','2025-01-15 10:32:54'),(35,'a7bd81e25ecb121028f4d2c047bfe30d6a40e9df45a4bf4a3ed0301f0d1cd99bb8f1c121c46056ff',7,'2025-01-22 05:46:47','2025-01-15 10:46:47'),(36,'892a57e1003acc07bfb457f9eed4a922845c84202a1ad7354dbbab8fab5194f8f27c24a44e5595ec',7,'2025-01-22 11:33:24','2025-01-15 16:33:24'),(37,'ab1be7b4e80b06d2179aed1e173bfadb1f25a0b8cd1d9093b2f62e8aaf50ba81215b5147b60ec5fa',1,'2025-01-22 12:46:44','2025-01-15 17:46:44'),(38,'a2ab013e195b3d89dda626b9795e096410e43dea81c885fd39e02c3e928b29c43f9d3b9133fa3619',1,'2025-01-22 12:47:03','2025-01-15 17:47:03'),(39,'cd60b61038ff000c65dc2449cc50b3b9c80685107fd8d6a2ac40f6539d626ec1fe7693168aabd68c',1,'2025-01-22 16:17:16','2025-01-15 21:17:16'),(40,'d751fc5e2f9b518b6f2a10a47696e9a5480290bb0bbc7604b11e1d094603472d18985f1fc4b3d26e',1,'2025-01-23 00:06:54','2025-01-16 05:06:54'),(41,'a3dd83283c10015d450a95f4e1f4ab0ef8dbf4f20459bc6d9ccffddada68b669bc91e55fa3fc8839',2,'2025-01-23 02:09:05','2025-01-16 07:09:05'),(42,'6a64d17dfadde7bf38a2f7bdda8df619c3f7aedff23173c71aeaba4f6d9dbfe5b15a6021bc00e809',1,'2025-01-23 03:14:49','2025-01-16 08:14:49'),(43,'47db79f7a2d4d15dd3803c85527a7ae9a0f871f2b35c598955ce9ed6e991d76adaf6113d6a42d0cc',4,'2025-01-23 03:33:07','2025-01-16 08:33:07'),(44,'71b17123da8b2a8ab502de2aff40253356148ffefccb0372d74b898b7d8366fd65e8b6dda81ecbe7',1,'2025-01-23 03:51:53','2025-01-16 08:51:53'),(45,'aefa04da3ffa363f949ef66ccbbabd9a3e876da80b580763713f0c68fe533ba214a4dfabee58b47c',1,'2025-01-23 03:52:56','2025-01-16 08:52:56'),(46,'80cf9eb4d9663ac704029bc1799522187582edc704a12dc6232666ae466881538bd6e0072a00ae40',1,'2025-01-23 04:03:33','2025-01-16 09:03:33'),(47,'a6f80adce9fe8d9ff619018f8064634fd2a9a5d52a327e604e510f11ac0ae1e78791f5cd312565ea',1,'2025-01-23 05:57:20','2025-01-16 10:57:20'),(48,'134658c2d28187dfd31260a0c39695f71b75385b381a54027eeae95b7f74d20c2337dbe8e56329fd',1,'2025-01-23 06:48:08','2025-01-16 11:48:08'),(49,'dff1694b6aea10989dfb3e930204d0bb22c39ed163c2dd06f779cda7147950bad6e7aa8d08ccb453',1,'2025-01-23 10:54:59','2025-01-16 15:54:59'),(50,'c82357007c293cd8289d8d969b6c430cb3ca5e3c354620afb721bc032dfbecf7d388df75c9fc1c19',1,'2025-01-23 10:59:32','2025-01-16 15:59:32'),(51,'c50353b7fd7d0f53662468e4ab4fcda49caec170722fc325ea64fa583af9af62a8166c3a138b8b9a',1,'2025-01-23 13:45:54','2025-01-16 18:45:54'),(52,'416a08a38ce1cf5f8c129c38fb5c69b63bc9b40d1fd1e8676eaaf30ca8eb5a9cb9f37629ada02bf9',1,'2025-01-24 02:24:38','2025-01-17 07:24:38'),(53,'bd74c68cbeb030983d1a682640b1d8697474e0f3f39ce27b1062d6cb330d5ad0767339f74c667bb4',1,'2025-01-24 12:13:48','2025-01-17 17:13:48'),(54,'e3408b2a18f9e48c3568ad34083777b7354fa55901a5b3b465cb739c7bd05f10476154f291c386bf',1,'2025-01-25 04:09:05','2025-01-18 09:09:05'),(55,'d7778db788ada9a936db270c33bac606c0dbea4c42d5d58eb292024b5e57fc1e8c661045c1bd66dc',1,'2025-01-25 11:51:48','2025-01-18 16:51:48'),(56,'47f78b2907bd97c02ee016572ef9daa854fda6499cf8c50f64bdadfffdd25e5230e53b1f538d07b1',1,'2025-01-25 13:14:37','2025-01-18 18:14:37'),(57,'f63c1c47cd9448b614a1936335fdea08cbf55e097afdda7017c48dcf5f6bac26b5ac4fa580a49741',2,'2025-01-26 14:50:53','2025-01-19 19:50:53'),(58,'b4d864030dead53467bb348afc02cc65021403a334cf074d7602367b065c5b39c409aad3d9577c41',1,'2025-01-26 15:23:17','2025-01-19 20:23:17'),(59,'a22c42eab97c31af662df4bc146c5964388f6f162571c4a5ca78f4913fbc54d5300eff1c55cd640b',1,'2025-01-28 12:52:07','2025-01-21 17:52:07'),(60,'a74883cce6a4624c44d5197615b80f803d50b72d2fb0d9b258866151243895704a22e8bb6ff00483',1,'2025-01-28 13:24:47','2025-01-21 18:24:47'),(61,'93539f4404bd2f8ee0677c984ad0ebf4a326e6aad4a5a7a7051c3d4107fac02b114dc4dc15d249d1',1,'2025-01-29 11:03:04','2025-01-22 16:03:04'),(62,'85aedd5658c6182fe3c3d835c019de701bfed82c475dba467da2827a572638ef1727932ccbc56cb5',1,'2025-01-29 11:30:41','2025-01-22 16:30:41'),(63,'55481a45e1781740d86b84409007e6c6ca574f353930ccccd240db40789c068c84c21f5d95a4df96',1,'2025-01-29 11:32:00','2025-01-22 16:32:00'),(64,'708854e331fb22be4cd808a664047fd48fd410876f47acaa7e4421d6dded3865d9bc2ea2b3b61a82',1,'2025-01-29 11:39:41','2025-01-22 16:39:41'),(65,'d59c19a530b04c63fc393b46055bb694a4428155474073dac755459943a1c3b78e84671d6cc3af9c',1,'2025-01-29 11:40:00','2025-01-22 16:40:00'),(66,'d0cf976ab20a3ef66686d38dcbb0b51814a1d5c3defe3258d286bbb663b38a80d6fa4c1ae0ea857c',1,'2025-01-29 12:08:48','2025-01-22 17:08:48'),(67,'40e3d4b9e2bcb0d72c49dea5cdcfba42d02ae1d72cd3219ce0181c5c4202dde1da3b9bb009a94749',1,'2025-01-29 12:09:29','2025-01-22 17:09:29'),(68,'3c1632aae133b8fad2a633f6686b0559a2818c7440194ee52f1bb047d57e365406844350850756ef',1,'2025-01-29 12:13:01','2025-01-22 17:13:01'),(69,'b633350522e741444c075b7a09f512fa30e5808466dce09989796fc559f6913c3246b4a0d2f424f2',1,'2025-01-29 12:15:30','2025-01-22 17:15:30'),(70,'1caf0d428e47111697c26182f28deed2482b26f3e524cbac10ceaa381d24ec01884b68386fa038e0',1,'2025-01-29 12:16:25','2025-01-22 17:16:25'),(71,'1a3a2f9e7271743410dc4b3acf57489aab2112d99c7d510e35246e3ebab0872fba7b5e05decce12c',1,'2025-01-29 12:36:19','2025-01-22 17:36:19'),(72,'b030fd8899a69eae351482dc1e1938d389b7f77502e70393402362afa4c9d51d2bc63564544e66e5',1,'2025-01-29 12:37:01','2025-01-22 17:37:01'),(73,'621c221ecb22b28cc464731e714720e891bc0a241bd3b1966d21884fd5ec612e75942cdffdd37e45',1,'2025-01-29 12:39:51','2025-01-22 17:39:51'),(74,'cb23c7c2c343a05a8b371484e79922e2ff7ea514c82eab223ca029566bd45cb5759dbe97a4e03794',1,'2025-01-29 12:49:31','2025-01-22 17:49:31'),(75,'5551830c956fc1e76e2257d29bcfb7eb225cda502783c01c3f1cc906931456c6d4099c9420588395',1,'2025-01-29 12:50:37','2025-01-22 17:50:37'),(76,'b25e31c867967a22bbe0e6ddc383a0c03aace961b2edcf0f8c930238ad51c419e68d191060d5632f',1,'2025-01-29 13:01:53','2025-01-22 18:01:53'),(77,'b2f2fc6caeb470d4c01215a2be5efcd673973001704cee4ae4c5350ef6e6bc8fb7ded71e6489f1c1',1,'2025-01-29 13:59:43','2025-01-22 18:59:43'),(78,'a513da7534de880a0757a2c0293a2eeb4087c379fd9fff479a4cf97258e6be3afccd0a6bce06e6ab',1,'2025-01-29 16:45:29','2025-01-22 21:45:29'),(79,'c14da6d94e024b7798a73321597c83d822eea17588ab73fe4bc08868801ba125768882987ea11a3d',1,'2025-01-30 02:40:16','2025-01-23 07:40:16'),(80,'c4c4e32c8096049db906413eb4b96911e0836a49bf83bfbe724c9ee0a75984ff7feefc7ba8df968c',1,'2025-01-30 09:08:27','2025-01-23 09:08:27'),(81,'2c5a65c9f8529ab615a217ce72c0b0b07e63e7cdd5eed215cad08a2daa47cd53f5b027eb68c1aff0',1,'2025-01-30 17:04:21','2025-01-23 17:04:21'),(82,'163a307d12f8532c540bae4fa2c079b9d3c656060b733ff87a767d3cc4f46e44bdc1bad86ad2b066',1,'2025-02-10 13:34:40','2025-02-03 13:34:40'),(83,'ee5d7be3bb612f72232e65e923ba3e4e28eae5d6afe3ea5c2c2864016343e6a2d5b94b0fedc9173f',1,'2025-02-10 17:14:58','2025-02-03 17:14:58'),(84,'16b3c8b62541d6006da574f3bdd1ee6ad9321eca6f4a7501bffa7d9bb559d393e7ed0711c5b72fbd',1,'2025-02-11 16:19:11','2025-02-04 16:19:11');
/*!40000 ALTER TABLE `user_api_tokens` ENABLE KEYS */;
UNLOCK TABLES;

--
-- Table structure for table `users`
--

DROP TABLE IF EXISTS `users`;
/*!40101 SET @saved_cs_client     = @@character_set_client */;
/*!50503 SET character_set_client = utf8mb4 */;
CREATE TABLE `users` (
  `id` int NOT NULL AUTO_INCREMENT,
  `full_name` varchar(255) DEFAULT NULL,
  `email` varchar(255) DEFAULT NULL,
  `password` varchar(255) DEFAULT NULL,
  `updated_at` datetime DEFAULT NULL,
  `created_at` datetime DEFAULT NULL,
  PRIMARY KEY (`id`),
  UNIQUE KEY `email` (`email`)
) ENGINE=InnoDB AUTO_INCREMENT=3 DEFAULT CHARSET=utf8mb4;
/*!40101 SET character_set_client = @saved_cs_client */;

--
-- Dumping data for table `users`
--

LOCK TABLES `users` WRITE;
/*!40000 ALTER TABLE `users` DISABLE KEYS */;
INSERT INTO `users` VALUES (1,'Maftuna','maftuna@gmail.com','$2y$10$G4wmf35zGRbouOCGqKfIbuAXpQsRBp8eGs31g5R42XPQvrRmnH7d2','2025-01-16 15:59:32','2025-01-16 15:59:32'),(2,'Ramzan','ramzan@gmail.com','$2y$10$ObQ9qxr0sTjaVuKbdCJU4e1G5jFbK.VSwQZ9TMhmPrUS0SKmPYUTe','2025-01-19 19:50:53','2025-01-19 19:50:53');
/*!40000 ALTER TABLE `users` ENABLE KEYS */;
UNLOCK TABLES;
/*!40103 SET TIME_ZONE=@OLD_TIME_ZONE */;
